"ID","Cement","Blasr","FlyAsh","Water","Superplasticizer","CoarseAggregate","FineAggregate","Age","strength"
"447",0.143835616438356,0.357540345019477,0.660169915042479,0.425718849840256,0.251552795031056,0.595348837209302,0.382839939789262,0.151098901098901,0.640214276815747
"639",0.623287671232877,0,0,0.512779552715655,0,0.688953488372093,0.411440040140492,0.0741758241758242,0.446991404011461
"115",0.594977168949772,0.525876460767947,0,0.344249201277955,0.360248447204969,0.417732558139535,0.405920722528851,0.0164835164835165,0.256260122087953
"687",0.464155251141553,0.566221480244853,0,0.652555910543131,0,0.477906976744186,0.092824887104867,0.00549450549450549,0.147128441509904

